image_path,cluster_label
AIMS_Water_Monitoring\Clustering_attempt\time_1777435964.400053.jpg,4
AIMS_Water_Monitoring\Clustering_attempt\time_1777435986.100054.jpg,2
AIMS_Water_Monitoring\Clustering_attempt\time_1777435988.050052.jpg,2
AIMS_Water_Monitoring\Clustering_attempt\time_1777435998.950189.jpg,3
AIMS_Water_Monitoring\Clustering_attempt\time_1777436003.100062.jpg,0
AIMS_Water_Monitoring\Clustering_attempt\time_1777436006.300089.jpg,3
AIMS_Water_Monitoring\Clustering_attempt\time_1777436016.300177.jpg,0
AIMS_Water_Monitoring\Clustering_attempt\time_1777436066.000066.jpg,3
AIMS_Water_Monitoring\Clustering_attempt\time_1777436075.600029.jpg,1
AIMS_Water_Monitoring\Clustering_attempt\time_1777436137.45005.jpg,1
AIMS_Water_Monitoring\Clustering_attempt\time_1777436147.500052.jpg,1
AIMS_Water_Monitoring\Clustering_attempt\time_1777436150.950021.jpg,2
AIMS_Water_Monitoring\Clustering_attempt\time_1777436152.000064.jpg,2
AIMS_Water_Monitoring\Clustering_attempt\time_1777436153.300055.jpg,2
AIMS_Water_Monitoring\Clustering_attempt\time_1777436167.800078.jpg,2
AIMS_Water_Monitoring\Clustering_attempt\time_1777436194.150231.jpg,3
AIMS_Water_Monitoring\Clustering_attempt\time_1777436216.950053.jpg,2
AIMS_Water_Monitoring\Clustering_attempt\time_1777436231.650101.jpg,2
AIMS_Water_Monitoring\Clustering_attempt\time_1777436238.100054.jpg,0
AIMS_Water_Monitoring\Clustering_attempt\time_1777436257.500058.jpg,1
AIMS_Water_Monitoring\Clustering_attempt\time_1777436268.400052.jpg,2
AIMS_Water_Monitoring\Clustering_attempt\time_1777436276.600049.jpg,2
AIMS_Water_Monitoring\Clustering_attempt\time_1777436280.600207.jpg,2
AIMS_Water_Monitoring\Clustering_attempt\time_1777436281.000178.jpg,2
AIMS_Water_Monitoring\Clustering_attempt\time_1777436286.000062.jpg,3
AIMS_Water_Monitoring\Clustering_attempt\time_1777436341.600054.jpg,1
AIMS_Water_Monitoring\Clustering_attempt\time_1777436360.300053.jpg,1
AIMS_Water_Monitoring\Clustering_attempt\time_1777436376.400056.jpg,1
AIMS_Water_Monitoring\Clustering_attempt\time_1777436394.75005.jpg,1
AIMS_Water_Monitoring\Clustering_attempt\time_1777436476.200057.jpg,0
AIMS_Water_Monitoring\Clustering_attempt\time_1777436479.250049.jpg,0
AIMS_Water_Monitoring\Clustering_attempt\time_1777436484.800055.jpg,0
AIMS_Water_Monitoring\Clustering_attempt\time_1777436488.450057.jpg,0
AIMS_Water_Monitoring\Clustering_attempt\time_1777436494.150056.jpg,0
AIMS_Water_Monitoring\Clustering_attempt\time_1777436508.750076.jpg,0
AIMS_Water_Monitoring\Clustering_attempt\time_1777436517.35021.jpg,0
AIMS_Water_Monitoring\Clustering_attempt\time_1777436580.550052.jpg,0
AIMS_Water_Monitoring\Clustering_attempt\time_1777436584.750051.jpg,0
AIMS_Water_Monitoring\Clustering_attempt\time_1777436586.500055.jpg,0
AIMS_Water_Monitoring\Clustering_attempt\time_1777436606.950047.jpg,3
AIMS_Water_Monitoring\Clustering_attempt\time_1777436607.650118.jpg,3
AIMS_Water_Monitoring\Clustering_attempt\time_1777436625.150053.jpg,3
AIMS_Water_Monitoring\Clustering_attempt\time_1777436638.750179.jpg,1
AIMS_Water_Monitoring\Clustering_attempt\time_1777436663.600056.jpg,1
AIMS_Water_Monitoring\Clustering_attempt\time_1777436664.150052.jpg,1
AIMS_Water_Monitoring\Clustering_attempt\time_1777436665.95005.jpg,3
AIMS_Water_Monitoring\Clustering_attempt\time_1777436693.700058.jpg,1
AIMS_Water_Monitoring\Clustering_attempt\time_1777436694.900021.jpg,3
AIMS_Water_Monitoring\Clustering_attempt\time_1777436699.300086.jpg,1
AIMS_Water_Monitoring\Clustering_attempt\time_1777436708.300052.jpg,1
AIMS_Water_Monitoring\Clustering_attempt\time_1777436719.400051.jpg,1
AIMS_Water_Monitoring\Clustering_attempt\time_1777436732.000063.jpg,1
AIMS_Water_Monitoring\Clustering_attempt\time_1777436745.450053.jpg,2
AIMS_Water_Monitoring\Clustering_attempt\time_1777436787.700054.jpg,3
AIMS_Water_Monitoring\Clustering_attempt\time_1777436803.400054.jpg,0
AIMS_Water_Monitoring\Clustering_attempt\time_1777436821.850049.jpg,3
AIMS_Water_Monitoring\Clustering_attempt\time_1777436828.200051.jpg,3
AIMS_Water_Monitoring\Clustering_attempt\time_1777436867.400055.jpg,3
AIMS_Water_Monitoring\Clustering_attempt\time_1777436871.200021.jpg,3
AIMS_Water_Monitoring\Clustering_attempt\time_1777436873.700051.jpg,3
AIMS_Water_Monitoring\Clustering_attempt\time_1777436879.050051.jpg,3
AIMS_Water_Monitoring\Clustering_attempt\time_1777436895.200055.jpg,3
AIMS_Water_Monitoring\Clustering_attempt\time_1777436905.550054.jpg,3
AIMS_Water_Monitoring\Clustering_attempt\time_1777436907.750055.jpg,3
AIMS_Water_Monitoring\Clustering_attempt\time_1777436910.900056.jpg,3
AIMS_Water_Monitoring\Clustering_attempt\time_1777436923.550064.jpg,3
AIMS_Water_Monitoring\Clustering_attempt\time_1777436951.550054.jpg,0
AIMS_Water_Monitoring\Clustering_attempt\time_1777436969.550052.jpg,1
AIMS_Water_Monitoring\Clustering_attempt\time_1777436972.150157.jpg,2
AIMS_Water_Monitoring\Clustering_attempt\time_1777436993.800058.jpg,1
AIMS_Water_Monitoring\Clustering_attempt\time_1777437014.850051.jpg,1
AIMS_Water_Monitoring\Clustering_attempt\time_1777437021.300101.jpg,3
AIMS_Water_Monitoring\Clustering_attempt\time_1777437023.750051.jpg,3
AIMS_Water_Monitoring\Clustering_attempt\time_1777437028.800052.jpg,3
AIMS_Water_Monitoring\Clustering_attempt\time_1777437050.400062.jpg,3
AIMS_Water_Monitoring\Clustering_attempt\time_1777437054.900052.jpg,3
AIMS_Water_Monitoring\Clustering_attempt\time_1777437075.100127.jpg,1
AIMS_Water_Monitoring\Clustering_attempt\time_1777437106.800051.jpg,3
AIMS_Water_Monitoring\Clustering_attempt\time_1777437120.650049.jpg,1
AIMS_Water_Monitoring\Clustering_attempt\time_1777437132.600054.jpg,3
AIMS_Water_Monitoring\Clustering_attempt\time_1777437135.000028.jpg,2
AIMS_Water_Monitoring\Clustering_attempt\time_1777437141.400051.jpg,1
AIMS_Water_Monitoring\Clustering_attempt\time_1777437156.100053.jpg,0
AIMS_Water_Monitoring\Clustering_attempt\time_1777437196.900055.jpg,1
AIMS_Water_Monitoring\Clustering_attempt\time_1777437212.700052.jpg,1
AIMS_Water_Monitoring\Clustering_attempt\time_1777437243.550051.jpg,1
AIMS_Water_Monitoring\Clustering_attempt\time_1777437268.450051.jpg,1
AIMS_Water_Monitoring\Clustering_attempt\time_1777437280.150119.jpg,1
AIMS_Water_Monitoring\Clustering_attempt\time_1777437283.450072.jpg,1
AIMS_Water_Monitoring\Clustering_attempt\time_1777437296.850053.jpg,1
AIMS_Water_Monitoring\Clustering_attempt\time_1777437323.850053.jpg,1
AIMS_Water_Monitoring\Clustering_attempt\time_1777437327.20005.jpg,1
AIMS_Water_Monitoring\Clustering_attempt\time_1777437349.750051.jpg,1
AIMS_Water_Monitoring\Clustering_attempt\time_1777437361.250049.jpg,1
AIMS_Water_Monitoring\Clustering_attempt\time_1777437363.200057.jpg,1
AIMS_Water_Monitoring\Clustering_attempt\time_1777437384.450053.jpg,1
AIMS_Water_Monitoring\Clustering_attempt\time_1777437392.750178.jpg,3
AIMS_Water_Monitoring\Clustering_attempt\time_1777437413.300023.jpg,4
AIMS_Water_Monitoring\Clustering_attempt\time_1777437443.950053.jpg,4
AIMS_Water_Monitoring\Clustering_attempt\time_1777437465.950052.jpg,4
